name,position,birthday,hometown,description,history,education,image,gender
Nguyễn Xuân Phúc,Chủ tịch nước,20/7/1954,"Xã Quế Phú, huyện Quế Sơn, tỉnh Quảng Nam","Ngày sinh: 20/7/1954
Quê quán: Xã Quế Phú, huyện Quế Sơn, tỉnh Quảng Nam
Ủy viên Ban Chấp hành Trung ương Đảng các khóa X, XI, XII, XIII; Ủy viên Bộ Chính trị khóa XI, XII, XIII","1997 - 2001
Phó Chủ tịch UBND tỉnh Quảng Nam
2001 - 2006
Phó Bí thư Tỉnh ủy, Chủ tịch UBND tỉnh Quảng Nam
3/2006 - 5/2006
Phó Tổng Thanh tra Chính phủ
6/2006 - 8/2007
Phó Chủ nhiệm Văn phòng Chính phủ
8/2007 - 7/2011
Bộ trưởng, Chủ nhiệm Văn phòng Chính phủ
8/2011 - 4/2016
Phó Thủ tướng
4/2016 - 4/2021
Thủ tướng
4/2021 - nay
Chủ tịch nước",Cử nhân Kinh tế,https://s1.vnecdn.net/vnexpress/j/v157/event/longform/thoisu/nhansulanhdaonhanuoc/avatar/nguyen-xuan-phuc.png,Ông
Võ Thị Ánh Xuân,Phó chủ tịch nước,8/1/1970,"Xã Thới Sơn, huyện Tịnh Biên, tỉnh An Giang","Ngày sinh: 8/1/1970
Quê quán: Xã Thới Sơn, huyện Tịnh Biên, tỉnh An Giang
Ủy viên Trung ương Đảng khóa XI (dự khuyết), XII, XIII","9/1992 - 7/1996
Giáo viên Trường PTTH Mỹ Thới, thị xã Long Xuyên, An Giang
8/1996 - 7/2001
Chuyên viên nghiên cứu tổng hợp, Văn phòng Tỉnh ủy An Giang
8/2001 - 8/2010
Phó Chủ tịch rồi Chủ tịch Hội Liên hiệp Phụ nữ tỉnh An Giang
8/2010 - 10/2010
Phó trưởng Ban Dân vận Tỉnh ủy An Giang
11/2010 - 1/2013
Bí thư Thị ủy Tân Châu, tỉnh An Giang
2/2013 - 11/2013
Phó Chủ tịch UBND tỉnh An Giang
12/2013 - 10/2015
Phó Bí thư Tỉnh ủy An Giang
10/2015 - 4/2021
Bí thư Tỉnh ủy An Giang
4/2021 - nay
Phó chủ tịch nước",Thạc sĩ Luật,https://s1.vnecdn.net/vnexpress/j/v157/event/longform/thoisu/nhansulanhdaonhanuoc/avatar/vo-thi-xuan-anh.png,Bà
Phạm Minh Chính,Thủ tướng,10/12/1958,"Xã Hoa Lộc, huyện Hậu Lộc, tỉnh Thanh Hoá","Ngày sinh: 10/12/1958
Quê quán: Xã Hoa Lộc, huyện Hậu Lộc, tỉnh Thanh Hoá
Ủy viên Trung ương Đảng khóa XI, XII, XIII; Ủy viên Bộ Chính trị khóa XII, XIII; Bí thư Trung ương Đảng khóa XII","9/1977 - 9/1984
Học Đại học Ngoại ngữ Hà Nội; Đại học Xây dựng Bucarest, Rumani
9/1984 - 1/1985
Tốt nghiệp Đại học, chờ tiếp nhận công tác
1/1985 - 8/1987
Cán bộ tình báo Phòng 6, Cục Tình báo thuộc Tổng cục An ninh, Bộ Công an
8/1987 - 1/1989
Cán bộ tình báo Cụm Tình báo phía Nam, Cục Tình báo thuộc Tổng cục An ninh, Bộ Công an 
1/1989 - 1/1990
Cán bộ tình báo Cục Tình báo phía Nam thuộc Tổng cục Tình báo, Bộ Công an
1/1990 - 3/1991
Cán bộ tình báo, Cục Âu Mỹ thuộc Tổng cục Tình báo, Bộ Công an
3/1991 - 11/1994
Cán bộ Bộ Ngoại giao, Bí thư thứ 3, rồi Bí thư thứ 2 Đại sứ quán Việt Nam tại Rumani
11/1994 - 5/1999
Cán bộ tình báo; Phó trưởng phòng Cục Tình báo châu Âu thuộc Tổng cục Tình báo, Bộ Công an
5/1999 - 5/2006
 Phó cục trưởng; Quyền Cục trưởng rồi Cục trưởng Cục Tình báo kinh tế - khoa học công nghệ và môi trường, Tổng cục Tình báo, Bộ Công an
5/2006 - 12/2009
Phó tổng cục trưởng Tổng cục Tình báo phụ trách tình báo kinh tế-khoa học, công nghệ và môi trường, Bộ Công an
12/2009 - 8/2010
Phó tổng cục trưởng phụ trách rồi Tổng cục trưởng Tổng cục Hậu cần - Kỹ thuật, Bộ Công an
8/2010 - 8/2011
Thứ trưởng Công an
8/2011 - 2/2015
Bí thư Tỉnh ủy Quảng Ninh
2/2015 - 1/2016
Phó trưởng Ban Tổ chức Trung ương
2/2016 - 4/2021
 Trưởng Ban Tổ chức Trung ương
4/2021
Thủ tướng","Phó Giáo sư Ngành Khoa học An ninh; Tiến sĩ Luật học Kỹ sư xây dựng dân dụng và công nghiệp, chuyên ngành kết cấu thép",https://s1.vnecdn.net/vnexpress/j/v157/event/longform/thoisu/nhansulanhdaonhanuoc/avatar/pham-minh-chinh.png,Ông
Phạm Bình Minh,Phó Thủ tướng,26/3/1959,"Xã Liên Minh, huyện Vụ Bản, tỉnh Nam Định.","Ngày sinh: 26/3/1959
Quê quán: Xã Liên Minh, huyện Vụ Bản, tỉnh Nam Định.
Ủy viên Trung ương Đảng khóa X, XI, XII, XIII; Ủy viên Bộ Chính trị khóa XII, XIII","10/1981 - 6/1991
Cán bộ Bộ Ngoại giao
6/1991 - 6/1994
Phó Vụ trưởng Vụ Các tổ chức quốc tế, sau đó học thạc sĩ Luật và Ngoại giao tại Trường Fletcher Tuft, Mỹ
6/1994 - 7/1999
Phó vụ trưởng Các tổ chức quốc tế, Bộ Ngoại giao.
8/1999 - 10/2001
Đại sứ, Phó đại diện Thường trực Việt Nam tại Liên Hợp Quốc
10/2001 - 2/2003
Công sứ, Phó đại sứ Việt Nam tại Mỹ
3/2003 - 8/2007
Quyền vụ trưởng, rồi Vụ trưởng Các tổ chức Quốc tế, Bộ Ngoại giao, Trợ lý Bộ trưởng Ngoại giao
8/2007 - 8/2011
Thứ trưởng Ngoại giao
8/2011
Bộ trưởng Ngoại giao
11/2013 - 4/2021
Phó thủ tướng, Bộ trưởng Ngoại giao
4/2021
Phó thủ tướng",Thạc sĩ Luật pháp và Ngoại giao,https://s1.vnecdn.net/vnexpress/j/v157/event/longform/thoisu/nhansulanhdaonhanuoc/avatar/pham-binh-minh.png,Ông
Lê Minh Khái,Phó Thủ tướng,10/12/1964,"Xã Vĩnh Phú Tây, huyện Phước Long, tỉnh Bạc Liêu","Ngày sinh: 10/12/1964
Quê quán: Xã Vĩnh Phú Tây, huyện Phước Long, tỉnh Bạc Liêu
Ủy viên Trung ương Đảng khóa XII, XIII; Ủy viên Ban Bí thư khóa XIII","7/1991 - 7/1995
 Cán bộ, Phó phòng Kế toán Liên hiệp Khoa học sản xuất In - LIKSIN
7/1995 - 3/1996
 Phó văn phòng Trung tâm phát triển Ngoại thương và Đầu tư, TP HCM
3/1996 - 12/1999
 Công tác tại Kiểm toán Nhà nước khu vực phía Nam
12/1999 - 7/2005
 Phó kiểm toán trưởng Kiểm toán Nhà nước khu vực IV (TP HCM)
7/2005 - 3/2007
 Kiểm toán trưởng Kiểm toán Nhà nước Khu vực V (TP Cần Thơ)
3/2007 - 3/2014
 Phó tổng Kiểm toán Nhà nước
3/2014 - 6/2014
 Phó bí thư Tỉnh ủy Bạc Liêu 
6/2014 - 10/2015
 Phó bí thư Tỉnh ủy, Chủ tịch UBND tỉnh Bạc Liêu
10/2015 - 10/2017
 Bí thư Tỉnh ủy Bạc Liêu
10/2017 - 4/2021
 Tổng Thanh tra Chính phủ
4/2021
Phó thủ tướng",Thạc sĩ Kế toán kiểm toán,https://s1.vnecdn.net/vnexpress/j/v157/event/longform/thoisu/nhansulanhdaonhanuoc/avatar/le-minh-khai.png,Ông
Vũ Đức Đam,Phó Thủ tướng,3/2/1963,"Xã Ngũ Hùng, huyện Thanh Miện, tỉnh Hải Dương","Ngày sinh: 3/2/1963
Quê quán: Xã Ngũ Hùng, huyện Thanh Miện, tỉnh Hải Dương
Ủy viên Trung ương Đảng khóa X (dự khuyết), XI, XII, XIII","10/1988 - 4/1993
 Công tác tại các đơn vị thuộc Tổng cục Bưu điện
4/1993 - 10/1994
 Phó Vụ trưởng Khoa học công nghệ và Hợp tác quốc tế, Tổng cục Bưu điện
10/1994 - 11/1995
 Phó Vụ trưởng Quan hệ quốc tế, Văn phòng Chính phủ
11/1995 - 8/1996
 Quyền Vụ trưởng, Vụ trưởng Vụ ASEAN, Văn phòng Chính phủ
8/1996 - 3/2003
 Thư ký, Trợ lý cố Thủ tướng Võ Văn Kiệt
3/2003 - 8/2005
 Phó chủ tịch UBND tỉnh Bắc Ninh
8/2005 - 11/2007
 Thứ trưởng Bưu chính - Viễn thông
11/2007 - 5/2008
 Phó bí thư Tỉnh ủy Quảng Ninh
5/2008 - 3/2010
 Phó bí thư Tỉnh ủy, Chủ tịch UBND tỉnh Quảng Ninh
3/2010 - 8/2010
 Bí thư Tỉnh ủy, Chủ tịch UBND tỉnh Quảng Ninh
8/2010 - 8/2011
 Bí thư Tỉnh ủy Quảng Ninh
8/2011 - 11/2013
 Bộ trưởng, Chủ nhiệm Văn phòng Chính phủ
11/2013 - nay
Phó thủ tướng
10/2019 - 7/2020
 Phó thủ tướng, kiêm nhiệm Bí thư Ban Cán sự Đảng Bộ Y tế",Tiến sĩ Kinh tế thế giới và Quan hệ kinh tế quốc tế,https://s1.vnecdn.net/vnexpress/j/v157/event/longform/thoisu/nhansulanhdaonhanuoc/avatar/vu-duc-dam.png,Ông
Lê Văn Thành,Phó Thủ tướng,20/10/1962,"Xã Tân Liên, huyện Vĩnh Bảo, TP Hải Phòng","Ngày sinh: 20/10/1962
Quê quán: Xã Tân Liên, huyện Vĩnh Bảo, TP Hải Phòng
Ủy viên Trung ương Đảng khóa XII, XIII","7/2010 - 5/2014
 Phó chủ tịch UBND TP Hải Phòng
5/2014 - 12/2014
 Phó bí thư Thành ủy Hải Phòng
12/2014 - 10/2015
 Phó bí thư Thành ủy; Chủ tịch UBND TP Hải Phòng
10/2015 - 4/2021
 Bí thư Thành ủy; Chủ tịch HĐND TP Hải Phòng
4/2021
Phó thủ tướng",Thạc sĩ Quản lý kinh tế,https://s1.vnecdn.net/vnexpress/j/v157/event/longform/thoisu/nhansulanhdaonhanuoc/avatar/le-van-thanh.png,Ông
Nguyễn Hồng Diên,Bộ trưởng Công Thương,16/3/1965,"Xã Hồng Minh, huyện Hưng Hà, tỉnh Thái Bình","Ngày sinh: 16/3/1965
Quê quán: Xã Hồng Minh, huyện Hưng Hà, tỉnh Thái Bình
Ủy viên Trung ương Đảng khóa XII, XIII","6/1992 - 2/1996
 Phó bí thư Tỉnh đoàn Thái Bình
3/1996 - 12/2000
 Bí thư tỉnh Đoàn; Trưởng ban Văn hóa-Xã hội HĐND tỉnh; Chủ tịch Hội Liên hiệp thanh niên tỉnh
12/2000 - 3/2003
 Chánh Văn phòng Tỉnh ủy, Trưởng ban Văn hóa-Xã hội HĐND tỉnh Thái Bình
3/2003 - 2/2007
 Bí thư Huyện ủy, Chủ tịch HĐND huyện Vũ Thư, Thái Bình
2/2007 - 10/2010
 Trưởng ban Tuyên giáo Tỉnh ủy Thái Bình
10/2010 - 4/2018
 Phó bí thư Tỉnh ủy Thái Bình
11/2011- 3/2015
Chủ tịch HĐND tỉnh Thái Bình
3/2015 - 7/2018
 Chủ tịch UBND tỉnh Thái Bình
4/2018 - 5/2020
 Bí thư Tỉnh ủy Thái Bình
5/2020 - 4/2021
 Phó trưởng ban Tuyên giáo Trung ương
4/2021
Bộ trưởng Công Thương","Tiến sĩ Quản lý hành chính công, Cử nhân Lịch sử, Cử nhân Kinh tế",https://s1.vnecdn.net/vnexpress/j/v157/event/longform/thoisu/nhansulanhdaonhanuoc/avatar/nguyen-hong-dien.png,Ông
Đào Ngọc Dung,"Bộ trưởng Lao động, Thương binh và Xã hội",6/6/1962,"Xã Nhân Mỹ, huyện Lý Nhân, tỉnh Hà Nam","Ngày sinh: 6/6/1962
Quê quán: Xã Nhân Mỹ, huyện Lý Nhân, tỉnh Hà Nam
Ủy viên Trung ương Đảng khóa X, XI, XII, XIII","Trước 1989
Huyện đoàn Lý Nhân, tỉnh Hà Nam Ninh
1989 - 1990
Phó trưởng Ban Công tác thiếu nhi Tỉnh đoàn Hà Nam Ninh
1990-1992
Trưởng ban Tổ chức - Kiểm tra Tỉnh đoàn Hà Nam Ninh rồi tỉnh Nam Hà (sau tách tỉnh), Phó bí thư Tỉnh đoàn
4/1992 - 5/1996
Bí thư Tỉnh đoàn; Phó Trưởng Ban Văn hóa - Xã hội HĐND tỉnh Nam Hà
5/1996 - 11/1996
Trưởng Ban Dân vận; Trưởng Ban Văn hóa-Xã hội HĐND tỉnh Nam Hà
11/1996 - 11/1997
Chủ tịch Hội đồng Đội Trung ương
11/1997 - 3/2005
Bí thư Trung ương Đoàn
4/2005 - 1/2007
Quyền Bí thư thứ nhất Trung ương Đoàn rồi Bí thư thứ nhất Trung ương Đoàn
2/2007 - 8/2007
Bí thư Ban Cán sự Đảng Ngoài nước
8/2007 - 5/2010
Phó trưởng Ban Chỉ đạo Tây Bắc
5/2010 - 10/2010
Phó bí thư Tỉnh ủy Yên Bái 
10/2010 - 8/2011
Bí thư Tỉnh ủy; Chủ tịch HĐND tỉnh Yên Bái 
8/2011 - 4/2016
Bí thư Đảng ủy khối các cơ quan Trung ương
4/2016
Bộ trưởng Lao động, Thương binh và Xã hội",Thạc sĩ Quản lý Hành chính công,https://s1.vnecdn.net/vnexpress/j/v157/event/longform/thoisu/nhansulanhdaonhanuoc/avatar/dao-ngoc-dung.png,Ông
Nguyễn Chí Dũng,Bộ trưởng Kế hoạch và Đầu tư,5/8/1960,"Xã Mai Phụ, huyện Lộc Hà, tỉnh Hà Tĩnh","Ngày sinh: 5/8/1960
Quê quán: Xã Mai Phụ, huyện Lộc Hà, tỉnh Hà Tĩnh
Ủy viên Trung ương Đảng khóa XI, XII, XII","10/1977 - 6/1983
 Chiến sĩ Bộ Tư lệnh Công binh, sinh viên Đại học Giao thông sắt bộ, Hà Nội
10/1983 - 12/1985
 Công tác tại đơn vị thuộc Bộ Tư lệnh Công binh
12/1985 - 10/1989
 Bộ đội biệt phái, chuyên viên Vụ I, Bộ Giao thông vận tải
10/1989 - 7/2003
 Công tác tại Vụ Quản lý Dự án đầu tư nước ngoài, Ủy ban Nhà nước về Hợp tác và Đầu tư (nay là Bộ Kế hoạch và Đầu tư)
7/2003 - 7/2005
 Phó cục trưởng Cục Phát triển doanh nghiệp nhỏ và vừa (nay là Cục Phát triển doanh nghiệp), Bộ Kế hoạch và Đầu tư
7/2005 - 8/2008
 Vụ trưởng Vụ Thương mại và Dịch vụ (nay là Vụ Kinh tế dịch vụ), Bộ Kế hoạch và Đầu tư
8/2008 - 4/2009
 Thứ trưởng Kế hoạch và Đầu tư
4/2009 - 5/2009
 Phó bí thư Tỉnh ủy Ninh Thuận
5/2009 - 9/2010
 Phó bí thư Tỉnh ủy, Chủ tịch UBND tỉnh Ninh Thuận
9/2010 - 6/2011
 Bí thư Tỉnh ủy, Chủ tịch UBND tỉnh Ninh Thuận
7/2011 - 1/2014
 Bí thư Tỉnh ủy khóa XII, Chủ tịch HĐND tỉnh Ninh Thuận
1/2014 - 4/2016
 Thứ trưởng Kế hoạch và Đầu tư
4/2016
Bộ trưởng Kế hoạch và Đầu tư",Tiến sĩ Kinh tế,https://s1.vnecdn.net/vnexpress/j/v157/event/longform/thoisu/nhansulanhdaonhanuoc/avatar/nguyen-chi-dung.png,Ông
Huỳnh Thành Đạt,Bộ trưởng Khoa học và Công nghệ,26/8/1962,"Xã An Định, huyện Mỏ Cày Nam, tỉnh Bến Tre","Ngày sinh: 26/8/1962
Quê quán: Xã An Định, huyện Mỏ Cày Nam, tỉnh Bến Tre
Ủy viên Trung ương Đảng khóa XII, XIII","1/1987 - 5/2004
 Công tác tại Đại học Quốc gia TP HCM
5/2004 - 1/2017
 Phó giám đốc Đại học Quốc gia TP HCM
1/2017 - 11/2020
 Giám đốc Đại học Quốc gia TP HCM
11/2020
 Bộ trưởng Khoa học và Công nghệ","Phó giáo sư, Tiến sĩ Vật lý",https://s1.vnecdn.net/vnexpress/j/v157/event/longform/thoisu/nhansulanhdaonhanuoc/avatar/huynh-thanh-dat.png,Ông
Phan Văn Giang,"Đại tướng, Bộ trưởng Quốc phòng",14/10/1960,"Xã Hồng Quang, huyện Nam Trực, tỉnh Nam Định","Ngày sinh: 14/10/1960
Quê quán: Xã Hồng Quang, huyện Nam Trực, tỉnh Nam Định
Ủy viên Bộ Chính trị khóa XIII; Ủy viên Trung ương Đảng khóa XII, XIII","2010
Tư lệnh Quân đoàn 1
2011
Phó tổng Tham mưu trưởng QĐND Việt Nam
4/2014
Tư lệnh Quân khu 1
4/2016
Thứ trưởng Quốc phòng
5/2016 - 4/2021
Tổng Tham mưu trưởng Quân đội Nhân dân Việt Nam, Thứ trưởng Quốc phòng
4/2021
Bộ trưởng Quốc phòng
7/2021
Được thăng quân hàm Đại tướng",Tiến sĩ Khoa học quân sự,https://s1.vnecdn.net/vnexpress/j/v157/event/longform/thoisu/nhansulanhdaonhanuoc/avatar/phan-van-giang.png,Ông
Trần Hồng Hà,Bộ trưởng Tài nguyên và Môi trường,19/4/1963,"Xã Kim Lộc, huyện Can Lộc, tỉnh Hà Tĩnh","Ngày sinh: 19/4/1963
Quê quán: Xã Kim Lộc, huyện Can Lộc, tỉnh Hà Tĩnh
Ủy viên Trung ương Đảng khóa XI (dự khuyết), XII, XIII","1992 - 1996
 Cộng tác viên khoa học tại Trung tâm hỗ trợ phát triển khoa học kỹ thuật điện tử thông tin ANTEI Moskva
9/1996 - 12/2003
 Làm việc tại Cục Môi trường, Bộ Khoa học, Công nghệ và Môi trường (sau đổi tên là Bộ Tài nguyên và Môi trường)
1/2004 - 6/2008
 Quyền Cục trưởng, Cục trưởng Bảo vệ môi trường, Bộ Tài nguyên và Môi trường
7/2008 - 12/2008
  Thứ trưởng Tài nguyên và Môi trường
1/2009 - 6/2010
  Phó bí thư Tỉnh ủy Bà Rịa Vũng Tàu
7/2010 - 4/2016
 Thứ trưởng Tài nguyên và Môi trường
4/2016
 Bộ trưởng Tài nguyên và Môi trường",Tiến sĩ,https://s1.vnecdn.net/vnexpress/j/v157/event/longform/thoisu/nhansulanhdaonhanuoc/avatar/tran-hong-ha.png,Ông
Lê Minh Hoan,Bộ trưởng NN&PTNT,19/1/1961,"Xã Mỹ Trà, TP Cao Lãnh, tỉnh Đồng Tháp","Ngày sinh: 19/1/1961
Quê quán: Xã Mỹ Trà, TP Cao Lãnh, tỉnh Đồng Tháp
Ủy viên Trung ương Đảng khóa XII, XIII","Trước 2004
 Phó giám đốc; Giám đốc Sở Xây dựng Đồng Tháp
2004 - 6/2008
 Phó chủ tịch UBND tỉnh Đồng Tháp
6/2008 - 11/2010
 Bí thư Thành ủy Cao Lãnh, tỉnh Đồng Tháp
11/2010 - 6/2011
 Phó bí thư Tỉnh ủy, Chủ tịch UBND tỉnh Đồng Tháp
6/2011 - 7/2014
 Chủ tịch UBND tỉnh Đồng Tháp
4/2014 - 9/2020
 Bí thư Tỉnh ủy Đồng Tháp
9/2020 - 4/2021
 Thứ trưởng Nông nghiệp và Phát triển nông thôn
4/2021
Bộ trưởng Bộ Nông nghiệp và Phát triển nông thôn","Thạc sĩ Kinh tế, Kiến trúc sư",https://s1.vnecdn.net/vnexpress/j/v157/event/longform/thoisu/nhansulanhdaonhanuoc/avatar/le-minh-hoan.png,Ông
Nguyễn Thị Hồng,Thống đốc Ngân hàng Nhà nước Việt Nam,27/3/1968,"Quận Cầu Giấy, TP Hà Nội","Ngày sinh: 27/3/1968
Quê quán: Quận Cầu Giấy, TP Hà Nội
Ủy viên Trung ương Đảng khóa XIII","1/1991 - 11/1993
Chuyên viện Vụ Quản lý ngoại hối, Ngân hàng Nhà nước Việt Nam
11/1993 - 4/1995
Chuyên viên Vụ Chính sách tiền tệ, Ngân hàng Nhà nước Việt Nam
4/1995 - 4/2008
Phó trưởng phòng, Trưởng phòng Vụ Chính sách tiền tệ, Ngân hàng Nhà nước Việt Nam
4/2008 - 1/2012
Phó vụ trưởng Vụ Chính sách tiền tệ, Ngân hàng Nhà nước Việt Nam
1/2012 - 8/2014
Vụ trưởng Vụ Chính sách tiền tệ, Ngân hàng Nhà nước Việt Nam
8/2014 - 11/2020
Phó thống đốc Ngân hàng Nhà nước Việt Nam
11/2020
Thống đốc Ngân hàng Nhà nước Việt Nam",Thạc sĩ kinh tế,https://s1.vnecdn.net/vnexpress/j/v157/event/longform/thoisu/nhansulanhdaonhanuoc/avatar/nguyen-thi-hong.png,Bà
Nguyễn Mạnh Hùng,Bộ trưởng Thông tin và Truyền thông,24/7/1962,"Phường Tân Hồng, thị xã Từ Sơn, tỉnh Bắc Ninh","Ngày sinh: 24/7/1962
Quê quán: Phường Tân Hồng, thị xã Từ Sơn, tỉnh Bắc Ninh
Ủy viên Trung ương Đảng khóa XII, XIII","7/1979 - 8/1980
 Nhập ngũ, học tại trường Đại học Kỹ thuật Quân sự, Liên Xô (cũ)
9/1980 - 7/1986
 Học viên Trường Thông tin Ulianôp, Liên Xô
8/1986 - 12/1989
 Trung úy, Thượng úy, Trợ lý kỹ thuật Viện Kỹ thuật thông tin, Binh chủng Thông tin liên lạc
1/1990 - 8/1993
 Thượng úy, Trợ lý Công ty Điện tử thiết bị thông tin, Binh chủng Thông tin liên lạc
9/1993 - 8/1995
 Đại úy, học viên Đại học Tổng hợp Sydney, Úc
9/1995 - 5/2000
 Công tác tại Công ty Điện tử Viễn thông Quân đội, Binh chủng Thông tin liên lạc
6/2000 - 3/2005
 Trung tá, Thượng tá, Phó giám đốc Công ty Điện tử Viễn thông Quân đội, Binh chủng Thông tin liên lạc
4/2005 - 12/2009
 Thượng tá, Đại tá, Phó tổng giám đốc Tổng Công ty Viễn thông Quân đội, Bộ Quốc phòng
1/2010 - 2/2014
 Đại tá, Thiếu tướng, Phó tổng giám đốc Tập đoàn Viễn thông Quân đội, Bộ Quốc phòng
3/2014 - 5/2018
 Thiếu tướng, Tổng giám đốc Tập đoàn Viễn thông Quân đội, Bộ Quốc phòng
6/2018 - 7/2018
 Thiếu tướng, Chủ tịch kiêm Tổng Giám đốc Tập đoàn Công nghiệp - Viễn thông Quân đội, Bộ Quốc phòng
7/2018 - 10/2018
 Quyền Bộ trưởng Thông tin và Truyền thông kiêm Phó trưởng Ban Tuyên giáo Trung ương
10/2018
 Bộ trưởng Thông tin và Truyền thông kiêm Phó trưởng Ban Tuyên giáo Trung ương","Thạc sĩ Kinh tế, Thạc sĩ Kỹ thuật, Kỹ sư Viễn thông vô tuyến",https://s1.vnecdn.net/vnexpress/j/v157/event/longform/thoisu/nhansulanhdaonhanuoc/avatar/nguyen-manh-hung.png,Ông
Nguyễn Văn Hùng,"Bộ trưởng Văn hóa, Thể thao và Du lịch",20/4/1961,"Xã Trung Nam, huyện Vĩnh Linh, tỉnh Quảng Trị","Ngày sinh: 20/4/1961
Quê quán: Xã Trung Nam, huyện Vĩnh Linh, tỉnh Quảng Trị
Ủy viên Trung ương Đảng khóa XII, XIII","1997-2010
 Bí thư Tỉnh Đoàn Quảng Trị; Chủ tịch UBND rồi Bí thư Thành ủy Đông Hà, tỉnh Quảng Trị
2010-2015
 Phó bí thư Tỉnh ủy Quảng Trị
9/2015 - 7/2020
 Bí thư Tỉnh ủy Quảng Trị
7/2020 - 4/2021
 Thứ trưởng Văn hóa, Thể thao và Du lịch
4/2021
Bộ trưởng Văn hóa, Thể thao và Du lịch",Thạc sĩ Triết học,https://s1.vnecdn.net/vnexpress/j/v157/event/longform/thoisu/nhansulanhdaonhanuoc/avatar/nguyen-van-hung.png,Ông
Tô Lâm,"Đại tướng, Bộ trưởng Công an",10/7/1957,"Xã Nghĩa Trụ, huyện Văn Giang, tỉnh Hưng Yên","Ngày sinh: 10/7/1957
Quê quán: Xã Nghĩa Trụ, huyện Văn Giang, tỉnh Hưng Yên
Ủy viên Trung ương Đảng khóa XI, XII, XIII; Ủy viên Bộ Chính trị khóa XII, XIII","12/1988 - 1993
Phó trưởng phòng rồi Trưởng phòng Cục Bảo vệ chính trị I, Bộ Công an
1993 - 2006
Phó cục trưởng Cục Bảo vệ chính trị I rồi Cục trưởng Cục Bảo vệ chính trị III, Bộ Công an
2006 - 2009
Phó tổng cục trưởng Tổng cục An ninh, Bộ Công an
2009 - 8/2010
Tổng cục trưởng Tổng cục Anh ninh I, Bộ Công an
8/2010 - 4/2016
Thứ trưởng Công an
4/2016
Bộ trưởng Công an
1/2019
Được phong cấp hàm Đại tướng","Giáo sư Khoa học An ninh, Tiến sĩ Luật học",https://s1.vnecdn.net/vnexpress/j/v157/event/longform/thoisu/nhansulanhdaonhanuoc/avatar/to-lam.png,Ông
Hầu A Lềnh,"Bộ trưởng, Chủ nhiệm Ủy ban Dân tộc",22/6/1973,"Xã Tả Van, huyện Sa Pa, tỉnh Lào Cai","Ngày sinh: 22/6/1973
Quê quán: Xã Tả Van, huyện Sa Pa, tỉnh Lào Cai
Ủy viên Trung ương Đảng khóa X (dự khuyết), XI (dự khuyết), XII, XIII","8/1986 - 2/1991
 Học tại trường Quân sự Ấp Bắc, tỉnh Hoàng Liên Sơn (nay là Trường Quân sự tỉnh Yên Bái)
3/1991 - 7/1995
 Học viên Trường Sĩ quan Chính trị - Quân sự
8/1995 - 7/2000
 Công tác tại Cục 16 - Tổng Cục II, Bộ Quốc phòng
8/2000 - 2/2001
 Công tác tại Ban Tổ chức Huyện ủy Sa Pa, tỉnh Lào Cai
3/2001 - 5/2004
 Bí thư Huyện đoàn Sa Pa
6/2004 - 3/2010
 Phó bí thư Huyện ủy, Chủ tịch UBND huyện Sa Pa
4/2010 - 7/2015
 Bí thư Huyện ủy Sa Pa
8/2015 - 9/2015
 Phó bí thư Tỉnh ủy Lào Cai
10/2015 - 1/2018
 Phó trưởng Ban Chỉ đạo Tây Bắc
1/2018 - 4/2021
 Phó chủ tịch - Tổng Thư ký Ủy ban Trung ương Mặt trận Tổ quốc Việt Nam
4/2021
Bộ trưởng, Chủ nhiệm Ủy ban dân tộc",Thạc sĩ,https://s1.vnecdn.net/vnexpress/j/v157/event/longform/thoisu/nhansulanhdaonhanuoc/avatar/hau-a-lenh.png,Ông
Nguyễn Thanh Long,Bộ trưởng Y tế,3/9/1966,"Xã Bạch Long, huyện Giao Thủy, tỉnh Nam Định","Ngày sinh: 3/9/1966
Quê quán: Xã Bạch Long, huyện Giao Thủy, tỉnh Nam Định
Ủy viên Trung ương Đảng khóa XIII","6/2005 - 3/2008
Phó Cục trưởng Cục phòng chống HIV/AIDS, Bộ Y tế
3/2008 - 11/2011
Cục trưởng Cục Phòng chống HIV/AIDS
12/2011 - 10/2018
Thứ trưởng Y tế
10/2018
Phó trưởng ban Tuyên giáo Trung ương
1/2020
Thứ trưởng Y tế
7/2020
Quyền Bộ trưởng Y tế
11/2020
Bộ trưởng Y tế","Giáo sư, Tiến sĩ y học",https://s1.vnecdn.net/vnexpress/j/v157/event/longform/thoisu/nhansulanhdaonhanuoc/avatar/nguyen-thanh-long.png,Ông
Lê Thành Long,Bộ trưởng Tư pháp,23/9/1963,"Phường Quảng Thọ, thành phố Sầm Sơn, tỉnh Thanh Hóa","Ngày sinh: 23/9/1963
Quê quán: Phường Quảng Thọ, thành phố Sầm Sơn, tỉnh Thanh Hóa
Ủy viên Trung ương Đảng khóa XII, XIII","11/1987 - 12/1990
 Chuyên viên Vụ Hợp tác quốc tế, Bộ Tư pháp
12/1990 - 12/1991
 Cán bộ Ban Thư ký Ủy ban sông Mê Kông (tại Bangkok, Thái Lan)
12/1991 - 4/2003
 Chuyên viên Vụ Hợp tác quốc tế; Thư ký Bộ trưởng Bộ Tư pháp; học Thạc sĩ, Tiến sĩ ở nước ngoài
4/2003 - 12/2008
 Chuyên viên; Phó vụ trưởng Hợp tác quốc tế, Bộ Tư pháp
12/2008 - 10/2011
 Vụ trưởng Các vấn đề chung về xây dựng pháp luật, Bộ Tư pháp
10/2011 - 3/2014
 Thứ trưởng Tư pháp
3/2014 - 9/2015
 Phó bí thư Tỉnh ủy Hà Tĩnh
9/2015 - 4/2016
 Thứ trưởng Tư pháp
4/2016
 Bộ trưởng Tư  pháp",Tiến sĩ Luật,https://s1.vnecdn.net/vnexpress/j/v157/event/longform/thoisu/nhansulanhdaonhanuoc/avatar/le-thanh-long.png,Ông
Nguyễn Thanh Nghị,Bộ trưởng Xây dựng,12/8/1976,"Phường 9, TP Cà Mau, tỉnh Cà Mau","Ngày sinh: 12/8/1976
Quê quán: Phường 9, TP Cà Mau, tỉnh Cà Mau
Ủy viên Trung ương Đảng khóa XI (dự khuyết), XII, XIII","2006 - 2011
Công tác tại Đại học Kiến trúc TP HCM
11/2011 - 3/2014
 Thứ trưởng Xây dựng
3/2014 - 10/2015
Phó bí thư Tỉnh ủy, Phó Chủ tịch UBND tỉnh Kiên Giang
10/2015 - 10/2020
 Bí thư Tỉnh ủy Kiên Giang 
10/2020 - 4/2021
 Thứ trưởng Xây dựng
4/2021
Bộ trưởng Xây dựng",Tiến sĩ Khoa học ngành Kỹ thuật xây dựng,https://s1.vnecdn.net/vnexpress/j/v157/event/longform/thoisu/nhansulanhdaonhanuoc/avatar/nguyen-thanh-nghi.png,Ông
Đoàn Hồng Phong,Tổng thanh tra Chính phủ,2/1/1963,"Thị trấn Quỹ Nhất, huyện Nghĩa Hưng, tỉnh Nam Định","Ngày sinh: 2/1/1963
Quê quán: Thị trấn Quỹ Nhất, huyện Nghĩa Hưng, tỉnh Nam Định
Ủy viên Trung ương Đảng khóa XII, XIII","4/1986 - 10/1990
 Cán bộ Sở Tài chính Hà Nam Ninh
10/1990 - 10/1995
 Cán bộ Cục Thuế tỉnh Nam Hà
10/1995 - 10/1999
 Công tác tại Cục Quản lý doanh nghiệp Nam Hà
10/1999 - 3/2002
 Công tác tại Sở Tài chính Nam Định
3/2002 - 6/2003
 Phó giám đốc Sở Tài chính Nam Định
6/2003 - 7/2008
 Giám đốc Sở Tài chính Nam Định
7/2008 - 12/2009
 Bí thư Huyện ủy Ý Yên, tỉnh Nam Định
12/2009 - 7/2014
 Phó chủ tịch UBND tỉnh Nam Định
7/2014 - 9/2015
 Phó bí thư Tỉnh ủy, Chủ tịch UBND tỉnh Nam Định
10/2015 - 4/2021
 Bí thư Tỉnh ủy Nam Định
4/2021
Tổng thanh tra Chính phủ",Thạc sĩ Kinh tế,https://s1.vnecdn.net/vnexpress/j/v157/event/longform/thoisu/nhansulanhdaonhanuoc/avatar/doan-hong-phong.png,Ông
Hồ Đức Phớc,Bộ trưởng Tài chính,1/11/1963,"Xã Quỳnh Thạch, huyện Quỳnh Lưu, tỉnh Nghệ An","Ngày sinh: 1/11/1963
Quê quán: Xã Quỳnh Thạch, huyện Quỳnh Lưu, tỉnh Nghệ An
Ủy viên Trung ương Đảng khóa XII, XIII","9/2000 - 5/2004
 Phó chủ tịch UBND thị xã Cửa Lò, tỉnh Nghệ An
5/2004 - 8/2007
 Phó bí thư Thị ủy, Chủ tịch UBND thị xã Cửa Lò, tỉnh Nghệ An
8/2007 - 10/2010
 Phó chủ tịch UBND tỉnh Nghệ An
10/2010 - 12/2010
 Phó bí thư Tỉnh ủy; Phó chủ tịch UBND tỉnh Nghệ An 
12/2010 - 3/2013
 Phó bí thư Tỉnh ủy; Chủ tịch UBND tỉnh Nghệ An
3/2013 - 5/2013
 Bí thư Tỉnh ủy; Chủ tịch UBND tỉnh Nghệ An
5/2013 - 4/2016
 Bí thư Tỉnh ủy tỉnh Nghệ An
4/2016
 Tổng kiểm toán Nhà nước
4/2021
Bộ trưởng Tài chính",Tiến sĩ Kinh tế,https://s1.vnecdn.net/vnexpress/j/v157/event/longform/thoisu/nhansulanhdaonhanuoc/avatar/ho-duc-phoc.png,Ông
Bùi Thanh Sơn,Bộ trưởng Ngoại giao,16/10/1962,"Phường Tây Mỗ, quận Nam Từ Liêm, thành phố Hà Nội","Ngày sinh: 16/10/1962
Quê quán: Phường Tây Mỗ, quận Nam Từ Liêm, thành phố Hà Nội
Ủy viên Trung ương Đảng khóa XII, XIII","9/1987
Cán bộ nghiên cứu tại Học viện Quan hệ quốc tế, Bộ Ngoại giao
3/1996
Phó ban rồi Trưởng ban Âu - Mỹ, Chánh Văn phòng, Học viện Quan hệ quốc tế, Bộ Ngoại giao
3/1996 - 1/2000
Phó vụ trưởng, Phó giám đốc Học viện Quan hệ quốc tế, Bộ Ngoại giao
3/2000 - 7/2003
Tham tán Công sứ tại Đại sứ quán Việt Nam tại Singapore
7/2003 - 9/2008
Phó vụ trưởng rồi Vụ trưởng Chính sách Đối ngoại
9/2008 - 11/2009
Trợ lý Bộ trưởng Ngoại giao, Vụ trưởng Chính sách Đối ngoại, Bộ Ngoại giao
11/2009 - 4/2021
Thứ trưởng Ngoại giao
4/2021
Bộ trưởng Ngoại giao",Thạc sĩ Quan hệ quốc tế,https://s1.vnecdn.net/vnexpress/j/v157/event/longform/thoisu/nhansulanhdaonhanuoc/avatar/bui-thanh-son.png,Ông
Trần Văn Sơn,"Bộ trưởng, Chủ nhiệm Văn phòng Chính phủ",1/12/1961,"Xã Hải Anh, huyện Hải Hậu, tỉnh Nam Định","Ngày sinh: 1/12/1961
Quê quán: Xã Hải Anh, huyện Hải Hậu, tỉnh Nam Định
Ủy viên Trung ương Đảng khóa XII, XIII","Trước 2/2009
Chủ tịch HĐQT, Tổng giám đốc Tổng Công ty Xây dựng Bạch Đằng (Bộ Xây dựng)
2/2009 - 2/2014
Thứ trưởng Xây dựng
3/2014 - 9/2015
Phó bí thư Tỉnh ủy Điện Biên
10/2015 - 10/2020
Bí thư Tỉnh ủy Điện Biên
10/2020 - 4/2021
Phó chủ nhiệm Văn phòng Chính phủ
4/2021
Bộ trưởng, Chủ nhiệm Văn phòng Chính phủ","Thạc sĩ Quản trị kinh doanh, Kỹ sư Kinh tế xây dựng",https://s1.vnecdn.net/vnexpress/j/v157/event/longform/thoisu/nhansulanhdaonhanuoc/avatar/tran-van-son.png,Ông
Nguyễn Kim Sơn,Bộ trưởng Giáo dục và Đào tạo,18/11/1966,"Xã Tân Trào, huyện Kiến Thụy, TP Hải Phòng","Ngày sinh: 18/11/1966
Quê quán: Xã Tân Trào, huyện Kiến Thụy, TP Hải Phòng
Ủy viên Trung ương Đảng khóa XIII","2003 - 2006
Trưởng phòng Đào tạo kiêm Phó Giám đốc Trung tâm Nghiên cứu Trung Quốc, Trường ĐH KHXH&NV, ĐH Quốc gia Hà Nội
5/2006 - 5/2007
Trưởng phòng Đào tạo kiêm Giám đốc Trung tâm Nghiên cứu Trung Quốc, Trường ĐH KHXH&NV, ĐH Quốc gia Hà Nội
6/2007 - 5/2008
Học giả nghiên cứu Tư tưởng Nho giáo ở Việt Nam tại Học viện Harvard Yenching, Hoa Kỳ
6/2008 - 10/2009
Giám đốc Trung tâm Nghiên cứu Trung Quốc, Giảng viên Khoa Văn học, Trường ĐH KHXH&NV, ĐH Quốc gia Hà Nội
11/2009 - 12/2011
Phó hiệu trưởng, ĐH KHXH&NV kiêm Giám đốc Trung tâm Nghiên cứu Trung Quốc, ĐH Quốc gia Hà Nội
1/2012 - 2/2016
Phó giám đốc ĐH Quốc gia Hà Nội
6/2016 đến 4/2021
Giám đốc ĐH Quốc gia Hà Nội
1/2019
Giám đốc ĐH Quốc gia Hà Nội kiêm Chủ tịch Hội đồng ĐH Đại học Quốc gia Hà Nội
4/2021
Bộ trưởng Giáo dục và Đào tạo","Phó giáo sư, Tiến sĩ Ngữ văn",https://s1.vnecdn.net/vnexpress/j/v157/event/longform/thoisu/nhansulanhdaonhanuoc/avatar/nguyen-kim-son.png,Ông
Phạm Thị Thanh Trà,Bộ trưởng Nội vụ,21/1/1964,"Xã Nam Yên, huyện Nam Đàn, Nghệ An","Ngày sinh: 21/1/1964
Quê quán: Xã Nam Yên, huyện Nam Đàn, Nghệ An
Ủy viên Trung ương Đảng khóa XII, XIII","9/1985 - 9/1987
 Giáo viên Trường phổ thông cơ sở thị trấn Cổ Phúc, huyện Trấn Yên, tỉnh Yên Bái
9/1987 - 9/1997
 Cán bộ chỉ đạo chuyên môn, phòng Giáo dục và Đào tạo huyện Trấn Yên, tỉnh Yên Bái
9/1997 - 12/1999
 Phó trưởng phòng Giáo dục và Đào tạo huyện Trấn Yên, tỉnh Yên Bái
12/1999 - 11/2000
 Phó chủ tịch UBND huyện Trấn Yên, tỉnh Yên Bái
11/2000 - 2/2002
 Phó bí thư Tỉnh Đoàn Yên Bái
2/2002 - 1/2006
 Bí thư Tỉnh Đoàn Yên Bái
1/2006 - 4/2008
 Trưởng ban Tuyên giáo Tỉnh ủy Yên Bái
4/2008 - 4/2011
 Phó chủ tịch UBND tỉnh Yên Bái
4/2011 - 6/2014
 Bí thư Thành ủy Yên Bái
6/2014 - 5/2015
 Phó bí thư Tỉnh ủy Yên Bái
5/2015 - 9/2016
 Phó bí thư Tỉnh ủy; Chủ tịch UBND tỉnh Yên Bái
9/2016 - 9/2020
 Bí thư Tỉnh ủy Yên Bái
2/2017 - 9/2020
 Chủ tịch HĐND tỉnh Yên Bái
9/2020
 Thứ trưởng Nội vụ, Phó ban Tổ chức Trung ương
4/2021
Bộ trưởng Nội Vụ","Thạc sĩ Quản lý giáo dục, Cử nhân Sư phạm",https://s1.vnecdn.net/vnexpress/j/v157/event/longform/thoisu/nhansulanhdaonhanuoc/avatar/pham-thi-thanh-tra.png,Bà
Nguyễn Văn Thể,Bộ trưởng Giao thông Vận tải,27/11/1966,"Xã Trường Xuân, huyện Tháp Mười, tỉnh Đồng Tháp","Ngày sinh: 27/11/1966
Quê quán: Xã Trường Xuân, huyện Tháp Mười, tỉnh Đồng Tháp
Ủy viên Trung ương Đảng khóa XI (dự khuyết), XII, XIII","12/1989 - 10/1992
 Công tác tại Công ty Dịch vụ thiết bị vật tư giao thông - thủy lợi huyện Tháp Mười
10/1992 - 1/1995
 Công tác tại Phòng Giao thông công chánh huyện Tháp Mười.
1/1995 - 11/1996
 Trợ lý thiết kế Xí nghiệp Khảo sát thiết kế giao thông tỉnh Đồng Tháp
11/1996 - 11/1998
 Phó giám đốc Xí nghiệp Khảo sát thiết kế giao thông tỉnh Đồng Tháp
11/1998 - 8/2001
 Nghiên cứu sinh Trường Đại học Tổng hợp kỹ thuật Quốc gia đường bộ Moskva
8/2001 - 7/2004
 Phó giám đốc Công ty Tư vấn xây dựng giao thông, tỉnh Đồng Tháp
7/2004 - 11/2005
 Tổ trưởng Tổ thẩm định Sở Giao thông vận tải; học Cao cấp lý luận chính trị tại Học viện Chính trị Quốc gia Hồ Chí Minh
11/2005 - 6/2010
 Phó giám đốc, Chủ tịch Công đoàn Sở Giao thông vận tải
6/2010 - 8/2012
 Phó bí thư, Bí thư Huyện ủy Tân Hồng, tỉnh Đồng Tháp
8/2012 - 6/2013
 Phó chủ tịch UBND tỉnh Đồng Tháp
6/2013 - 10/2015
 Thứ trưởng Giao thông Vận tải
10/2015 - 10/2017
 Bí thư Tỉnh ủy Sóc Trăng
10/2017
 Bộ trưởng Giao thông Vận tải",Tiến sĩ Khoa học kỹ thuật giao thông,https://s1.vnecdn.net/vnexpress/j/v157/event/longform/thoisu/nhansulanhdaonhanuoc/avatar/nguyen-van-the.png,Ông
Vương Đình Huệ,Chủ tịch Quốc hội,15/3/1957,"Xã Nghi Xuân, huyện Nghi Lộc, tỉnh Nghệ An","Ngày sinh: 15/3/1957
Quê quán: Xã Nghi Xuân, huyện Nghi Lộc, tỉnh Nghệ An
Ủy viên Bộ Chính trị khóa XII, XIII; Ủy viên Trung ương Đảng khóa X, XI, XII, XIII","Trước 2001
Giảng viên, Trưởng khoa, Phó Hiệu trưởng phụ trách đào tạo Đại học Tài chính - Kế toán Hà Nội
7/2001 - 6/2006
Phó Tổng Kiểm toán Nhà nước
7/2006 - 7/2011
Tổng Kiểm toán Nhà nước
8/2011 - 12/2012
Bộ Trưởng Tài chính
1/2013 - 4/2016
Trưởng Ban Kinh tế Trung ương
4/2016 - 2/2020
Phó Thủ tướng Chính phủ
2/2020
Bí thư Thành ủy Hà Nội
6/2020
Được Quốc hội miễn nhiệm chức vụ Phó Thủ tướng
10/2020
Tái đắc cử Bí thư thành ủy Hà Nội
3/2021 - nay
Chủ tịch Quốc hội","Giáo sư, Tiến sĩ Kinh tế",https://s1.vnecdn.net/vnexpress/j/v157/event/longform/thoisu/nhansulanhdaonhanuoc/avatar/vuong-dinh-hue.png,Ông
Trần Thanh Mẫn,Phó chủ tịch Quốc hội,12/8/1962,"Xã Thạnh Xuân, huyện Châu Thành A, tỉnh Hậu Giang","Ngày sinh: 12/8/1962
Quê quán: Xã Thạnh Xuân, huyện Châu Thành A, tỉnh Hậu Giang
Ủy viên Bộ Chính trị khóa XIII; Bí thư Trung ương Đảng khóa XII; Ủy viên Trung ương Đảng khóa X (dự khuyết), XI, XII, XIII","1/1988 - 7/1992
Phó Bí thư Tỉnh đoàn Hậu Giang
8/1992 - 6/1994
Bí thư Tỉnh đoàn Cần Thơ
7/1994 - 11/1999
Chánh Văn phòng UBND tỉnh Cần Thơ
12/1999 - 12/2003
Phó Chủ tịch UBND tỉnh Cần Thơ
1/2004 - 3/2008
Bí thư Quận ủy Bình Thủy, TP Cần Thơ 3/2008 - 2/2011 : Phó Bí thư Thành ủy, Chủ tịch UBND TP Cần Thơ
2/2011 - 4/2011
Bí thư Thành ủy, Chủ tịch UBND TP Cần Thơ
4/2011 - 9/2015
Bí thư Thành ủy TP Cần Thơ
10/2015 - 6/2017
Phó Chủ tịch Ủy ban Trung ương Mặt trận Tổ quốc Việt Nam
6/2017 - 4/2021
Chủ tịch Ủy ban Trung ương Mặt trận Tổ quốc Việt Nam
4/2021 - nay
Phó Chủ tịch Quốc hội",Tiến sĩ Kinh tế,https://s1.vnecdn.net/vnexpress/j/v157/event/longform/thoisu/nhansulanhdaonhanuoc/avatar/tran-thanh-man.png,Ông
Nguyễn Đức Hải,Phó chủ tịch Quốc hội,29/7/1961,"Xã Tam Xuân, huyện Núi Thành, tỉnh Quảng Nam","Ngày sinh: 29/7/1961
Quê quán: Xã Tam Xuân, huyện Núi Thành, tỉnh Quảng Nam
Ủy viên Trung ương Đảng khóa XI, XII, XIII","12/2005 - 2/2008
Phó Bí thư Tỉnh ủy, Chủ tịch UBND tỉnh Quảng Nam
2/2008 - 2/2015
Bí thư Tỉnh ủy Quảng Nam
2/2015 - 2016
Phó Chủ nhiệm Ủy ban Kiểm tra Trung ương
4/2016 - 4/2021
Chủ nhiệm Ủy ban Tài chính, Ngân sách của Quốc hội
4/2021 - 7/2021
Phó chủ tịch Quốc hội, Chủ nhiệm Ủy ban Tài chính Ngân sách
7/2021
Phó chủ tịch Quốc hội",Thạc sĩ Kinh tế chuyên ngành Tài chính - Tín dụng,https://s1.vnecdn.net/vnexpress/j/v157/event/longform/thoisu/nhansulanhdaonhanuoc/avatar/nguyen-duc-hai.png,Ông
Nguyễn Khắc Định,Phó chủ tịch Quốc hội,3/1/1964,"Xã Hòa Bình, huyện Vũ Thư, tỉnh Thái Bình","Ngày sinh: 3/1/1964
Quê quán: Xã Hòa Bình, huyện Vũ Thư, tỉnh Thái Bình
Ủy viên Trung ương Đảng khóa XII, XIII","Trước 11/2008
Cán bộ tại Văn phòng Chính phủ
11/2008 - 9/2011
Trợ lý của Thủ tướng
9/2011 - 2/2016
Phó Chủ nhiệm Văn phòng Chính phủ
2/2016 - 7/2016
Điều hành Văn phòng Chính phủ
7/2016 - 10/2019
Chủ nhiệm Ủy ban Pháp luật của Quốc hội
10/2019 - 4/2021
Bí thư Tỉnh ủy Khánh Hòa
4/2021 - nay
Phó Chủ tịch Quốc hội",Tiến sĩ Luật học,https://s1.vnecdn.net/vnexpress/j/v157/event/longform/thoisu/nhansulanhdaonhanuoc/avatar/nguyen-khac-dinh.png,Ông
Trần Quang Phương,Phó chủ tịch Quốc hội,6/5/1961,"Phường Phổ Vinh, thị xã Đức Phổ, tỉnh Quảng Ngãi","Ngày sinh: 6/5/1961
Quê quán: Phường Phổ Vinh, thị xã Đức Phổ, tỉnh Quảng Ngãi
Ủy viên Trung ương Đảng khóa XII, XIII","1/2003 - 10/2003
Chủ nhiệm Chính trị, Sư đoàn 2, Quân khu 5
11/2003 - 6/2005
Phó Sư đoàn trưởng về Chính trị, Sư đoàn 2, Quân khu 5
7/2005 - 4/2006
Phó Chỉ huy trưởng về Chính trị, Bộ Chỉ huy Quân sự tỉnh Quảng Ngãi, Quân khu 5
5/2006 - 4/2008
Chính ủy, Bộ Chỉ huy Quân sự tỉnh Quảng Ngãi, Quân khu 5
5/2008 - 6/2010
Phó Chủ nhiệm Chính trị, Quân khu 5
7/2010 - 5/2011
Chủ nhiệm Chính trị, Quân khu 5
6/2011 - 4/2019
Chính ủy Quân khu 5
5/2019 - 7/2021
Phó Chủ nhiệm Tổng cục Chính trị Quân đội Nhân dân Việt Nam
7/2021
Phó chủ tịch Quốc hội",Cử nhân Xây dựng Đảng và chính quyền nhà nước,https://s1.vnecdn.net/vnexpress/j/v157/event/longform/thoisu/nhansulanhdaonhanuoc/avatar/tran-quang-phuong.png,Ông
Nguyễn Thúy Anh,Chủ nhiệm Ủy ban Xã hội,7/12/1963,"Phường Tiên Cát, thành phố Việt Trì, tỉnh Phú Thọ","Ngày sinh: 7/12/1963
Quê quán: Phường Tiên Cát, thành phố Việt Trì, tỉnh Phú Thọ
Ủy viên Trung ương Đảng khóa XII, XIII","3/1987 - 9/1989
Chuyên viên Vụ Hành chính-Tổng hợp, Văn phòng Quốc hội và Hội đồng Nhà nước
10/1989 - 8/1990
Thực tập sinh tại Đại học Quốc gia Ki-ep, Cộng hòa Ucraina (Liên Xô cũ)
9/1990 - 10/1995
Chuyên viên Vụ Tổng hợp, Văn phòng Quốc hội và Hội đồng Nhà nước (từ tháng 7/1992 là Văn phòng Quốc hội)
11/1995 - 9/1997
Thực tập sinh tại Học viện Quốc tế Hành chính công (IIAP), Paris và học Cao học tại Học viện Châu Âu (IEHEI, IE), Ni-xơ, Cộng hòa Pháp
10/1997 - 7/2011
Chuyên viên, Phó Vụ trưởng, Vụ trưởng Vụ Các vấn đề xã hội, Văn phòng Quốc hội
7/2011 - 4/2016
Phó Chủ nhiệm Ủy ban Về các vấn đề xã hội của Quốc hội
4/2016 - nay
Chủ nhiệm Ủy ban Xã hội của Quốc hội",Thạc sĩ Luật công và hành chính công,https://s1.vnecdn.net/vnexpress/j/v157/event/longform/thoisu/nhansulanhdaonhanuoc/avatar/nguyen-thuy-anh.png,Bà
Dương Thanh Bình,Trưởng Ban Dân nguyện,8/8/1961,"Xã Hồ Thị Kỷ, huyện Thới Bình, tỉnh Cà Mau","Ngày sinh: 8/8/1961
Quê quán: Xã Hồ Thị Kỷ, huyện Thới Bình, tỉnh Cà Mau
Ủy viên Trung ương Đảng khóa XI, XII, XIII","4/1993 - 4/1996
Chánh Văn phòng Ban Tổ chức Tỉnh ủy Minh Hải
5/1996 - 12/1996
Phó Trưởng Ban Tổ chức Tỉnh ủy Minh Hải
1/1997 - 4/2001
Phó Trưởng Ban Tổ chức Tỉnh ủy Cà Mau
5/2001 - 7/2002
Trưởng ban Tổ chức Tỉnh ủy Cà Mau
8/2002 - 10/2003
Bí thư Huyện ủy Trần Văn Thời, tỉnh Cà Mau
11/2003 - 2/2005
Thường trực Tỉnh ủy, kiêm Thường vụ Đảng ủy Công an tỉnh Cà Mau
3/2005 - 9/2010
Phó Bí thư Thường trực Tỉnh ủy Cà Mau
9/2010 - 6/2020
Bí thư Tỉnh ủy Cà Mau
6/2020 - nay
Trưởng Ban Dân Nguyện (thuộc Ủy ban Thường vụ Quốc hội)",Cử nhân Kinh tế,https://s1.vnecdn.net/vnexpress/j/v157/event/longform/thoisu/nhansulanhdaonhanuoc/avatar/duong-thanh-binh.png,Ông
Nguyễn Phú Cường,Chủ nhiệm Ủy ban Tài chính Ngân sách,19/6/1967,"Phường Tân Phước Khánh, thị xã Tân Uyên, tỉnh Bình Dương","Ngày sinh: 19/6/1967
Quê quán: Phường Tân Phước Khánh, thị xã Tân Uyên, tỉnh Bình Dương
Ủy viên Trung ương Đảng khóa XI (dự khuyết), XII, XIII","1989-1995
Nhân viên Phòng Ngân sách, Sở Tài chính tỉnh Đồng Nai
1995- 1996
Phó Trưởng phòng Phòng Ngân sách, Sở Tài chính tỉnh Đồng Nai
1996- 2002
Phó Giám đốc Sở Tài chính tỉnh Đồng Nai
2003-2005
Giám đốc Sở Tài chính tỉnh Đồng Nai
2005-2011
Phó Bí thư Thành ủy Biên Hòa, Chủ tịch UBND thành phố Biên Hòa, tỉnh Đồng Nai;
2011-2014
Bí thư Thành ủy Biên Hòa
11/2014 - 10/2015
Phó Chủ tịch UBND tỉnh Đồng Nai
10/2015 - 6/2016
Bí thư Tỉnh ủy Đồng Nai
6/2016 - 7/2021
Bí thư Tỉnh ủy, Chủ tịch HĐND tỉnh Đồng Nai
7/2021
Chủ nhiệm Ủy ban Tài chính, Ngân sách của Quốc hội","Thạc sĩ Quản lý kinh tế, Cử nhân Tài chính Công nghiệp",https://s1.vnecdn.net/vnexpress/j/v157/event/longform/thoisu/nhansulanhdaonhanuoc/avatar/nguyen-phu-cuong.png,Ông
Bùi Văn Cường,Tổng thư ký Quốc hội,18/6/1965,"Xã Thăng Long, thị xã Kinh Môn, tỉnh Hải Dương","Ngày sinh: 18/6/1965
Quê quán: Xã Thăng Long, thị xã Kinh Môn, tỉnh Hải Dương
Ủy viên Trung ương Đảng khóa XI (dự khuyết), XII, XIII","1/1990 - 10/1997
Công tác tại Đại học Hàng Hải
10/1997 - 2/1999
Phó bí thư Thành đoàn TP Hải Phòng
2/1999 - 10/2016
Công tác tại Đoàn TNCS Hồ Chí Minh
10/2006 - 4/2008
Bí thư Ban Chấp hành Trung ương Đoàn TNCS Hồ Chí Minh
4/2008 - 9/2011
Phó Bí thư Tỉnh ủy Gia Lai
9/2011 - 6/2012
Phó trưởng Ban Dân vận Trung ương
6/2012 - 2016
Bí thư Đảng ủy Khối Doanh nghiệp Trung ương
2016 - 7/2019
Chủ tịch Tổng Liên đoàn Lao động Việt Nam
7/2019 - 4/2021
Bí thư Tỉnh ủy Đắk Lắk
4/2021 - nay
Tổng thư ký, Chủ nhiệm Văn phòng Quốc hội","Tiến sĩ Kỹ thuật Hàng hải, Thạc sĩ An toàn hàng hải, Kỹ sư điều hành tàu biển, Cử nhân Tiếng Anh",https://s1.vnecdn.net/vnexpress/j/v157/event/longform/thoisu/nhansulanhdaonhanuoc/avatar/bui-van-cuong.png,Ông
Vũ Hải Hà,Chủ nhiệm Ủy ban Đối ngoại,1/3/1969,"Xã Hải Anh, huyện Hải Hậu, Nam Định","Ngày sinh: 1/3/1969
Quê quán: Xã Hải Anh, huyện Hải Hậu, Nam Định
Ủy viên Trung ương Đảng khóa XIII","8/1995 - 5/2002
Chuyên viên Vụ Đối ngoại, Văn phòng Quốc hội
5/2002 - 10/2005
Phó Vụ trưởng Đối ngoại, Văn phòng Quốc hội
10/2005 - 11/2007
Quyền Vụ trưởng Đối ngoại, Văn phòng Quốc hội
11/2007 - 7/2011
Vụ trưởng Đối ngoại, Văn phòng Quốc hội
7/2011 - 11/2013
Ủy viên Thường trực Ủy ban Đối ngoại của Quốc hội
11/2013 - 4/2021
Phó Chủ nhiệm Ủy ban Đối ngoại của Quốc hội
4/2021 - nay
Chủ nhiệm Ủy ban Đối ngoại của Quốc hội","Thạc sĩ Quản lý chính sách công, Cử nhân Luật, Cử nhân Ngôn ngữ",https://s1.vnecdn.net/vnexpress/j/v157/event/longform/thoisu/nhansulanhdaonhanuoc/avatar/vu-hai-ha.png,Ông
Lê Quang Huy,Chủ nhiệm Ủy ban KHCN&MT,19/9/1966,"Xã Vân Canh, huyện Hoài Đức, TP Hà Nội","Ngày sinh: 19/9/1966
Quê quán: Xã Vân Canh, huyện Hoài Đức, TP Hà Nội
Ủy viên Trung ương Đảng khóa XIII","5/1989 - 12/1990
Cán bộ kỹ thuật Công ty xây dựng số 3, Thành phố Hồ Chí Minh
1/1991 - 12/1992
Chuyên viên kỹ thuật phần mềm, Công ty Ứng dụng Toán Tin học và Xây dựng, Hội Xây dựng Việt Nam
1/1993 - 5/1995
Chuyên viên kỹ thuật máy tính, Văn phòng Quy hoạch tổng thể Đồng bằng sông Hồng, Bộ Khoa học, Công nghệ và Môi trường
6/1995 - 5/1996
Chuyên viên kỹ thuật máy tính, Văn phòng Ban Chỉ đạo Chương trình Quốc gia về Công nghệ thông tin, Văn phòng Chính phủ
6/1996 - 7/2007
Chuyên viên, Trưởng phòng, Phó Giám đốc rồi Giám đốc Trung tâm Thông tin Tư liệu, Ban Khoa giáo Trung ương Đảng
8/2007 - 6/2011
Ủy viên Thường trực Ủy ban Khoa học, Công nghệ và Môi trường của Quốc hội
7/2011 - 3/2014
Phó Chủ nhiệm Ủy ban Khoa học, Công nghệ và Môi trường của Quốc hội
4/2014 - 10/2017
Phó Bí thư Tỉnh ủy Nghệ An
11/2017 - 4/2021
Phó Chủ nhiệm Ủy ban Khoa học, Công nghệ và Môi trường của Quốc hội
4/2021 - nay
Chủ nhiệm Ủy ban Khoa học, Công nghệ và Môi trường của Quốc hội","Tiến sĩ Công nghệ thông tin, Kỹ sư xây dựng dân dụng",https://s1.vnecdn.net/vnexpress/j/v157/event/longform/thoisu/nhansulanhdaonhanuoc/avatar/le-quang-huy.png,Ông
Lê Tấn Tới,Chủ nhiệm Ủy ban Quốc phòng An ninh,4/4/1969,"Phường Tân Thành, thành phố Cà Mau, tỉnh Cà Mau","Ngày sinh: 4/4/1969
Quê quán: Phường Tân Thành, thành phố Cà Mau, tỉnh Cà Mau
Ủy viên Trung ương Đảng khóa XIII","10/1986 - 7/1991
Học viên Trường Đại học Cảnh sát nhân dân (nay là Học viện Cảnh sát nhân dân)
8/1991 - 12/1996
Cán bộ Trinh sát; Phó Đội trưởng Phòng Cảnh sát hình sự, Công an tỉnh Minh Hải (cũ)
1/1997 - 5/2013
Đội trưởng; Phó Trưởng Phòng Cảnh sát hình sự; Trưởng Phòng Cảnh sát điều tra tội phạm về ma túy; Trưởng Phòng Cảnh sát hình sự; Trưởng Công an thành phố Bạc Liêu; Trưởng phòng Tổ chức Cán bộ Công an tỉnh Bạc Liêu
6/2013 - 2/2016
Phó Giám đốc Công an tỉnh Bạc Liêu
3/2016 - 9/2019
Giám đốc Công an tỉnh Bạc Liêu
10/2019 - 3/2020
Cục trưởng Cục Tổ chức cán bộ Bộ Công an
4/2020 - 7/2021
Thứ trưởng Công an
7/2021
Chủ nhiệm Ủy ban Quốc phòng An ninh của Quốc hội",Tiến sĩ Tội phạm học và điều tra tội phạm,https://s1.vnecdn.net/vnexpress/j/v157/event/longform/thoisu/nhansulanhdaonhanuoc/avatar/le-tan-toi.png,Ông
Lê Thị Nga,Chủ nhiệm Ủy ban Tư pháp,20/12/1964,"Phường Bắc Hà, TP Hà Tĩnh, tỉnh Hà Tĩnh","Ngày sinh: 20/12/1964
Quê quán: Phường Bắc Hà, TP Hà Tĩnh, tỉnh Hà Tĩnh
Ủy viên Trung ương Đảng khóa XII, XIII","6/1986 - 5/1988
Cán bộ Phòng Văn bản, Sở Tư pháp tỉnh Thanh Hóa
5/1988 - 1992
Cán bộ Thư ký Tòa án nhân dân thành phố Thanh Hóa
1992 - 12/2000
Thẩm phán Tòa án nhân dân thành phố Thanh Hóa
1/2001 - 4/2003
Phó Chánh án Tòa án nhân dân thành phố Thanh Hóa
5/2003 - 1/2005
Phó Vụ trưởng Vụ pháp luật, Văn phòng Chủ tịch nước
1/2005 - 6/2007
Ủy viên Thường trực Ủy ban Pháp luật của Quốc hội
7/2007 - 4/2016
Phó Chủ nhiệm Ủy ban Tư pháp của Quốc hội
2016 - nay
Chủ nhiệm Ủy ban Tư pháp của Quốc hội",Thạc sĩ Luật,https://s1.vnecdn.net/vnexpress/j/v157/event/longform/thoisu/nhansulanhdaonhanuoc/avatar/le-thi-nga.png,Bà
Nguyễn Đắc Vinh,Chủ nhiệm Ủy ban Văn hóa Giáo dục,25/11/1972,"Xã Quỳnh Dị, huyện Quỳnh Lưu, tỉnh Nghệ An","Ngày sinh: 25/11/1972
Quê quán: Xã Quỳnh Dị, huyện Quỳnh Lưu, tỉnh Nghệ An
Ủy viên Trung ương Đảng khóa XI (dự khuyết), XII, XIII","2/2001 - 8/2008
Công tác tại Đại học Khoa học Tự nhiên, Đại học Quốc gia Hà Nội
8/2008 - 10/2011
Bí thư Trung ương Đoàn TNCS Hồ Chí Minh; Chủ tịch Hội Sinh viên Việt Nam; Giám đốc Học viện Thanh Thiếu niên Việt Nam; Phó Chủ tịch Hội Liên hiệp Thanh niên Việt Nam
10/2011 - 4/2016
Bí thư thứ nhất Trung ương Đoàn TNCS Hồ Chí Minh; Chủ tịch Hội Liên hiệp Thanh niên Việt Nam; Chủ nhiệm Ủy ban Quốc gia về thanh niên Việt Nam
4/2016 - 12/2019
Bí thư Tỉnh ủy Nghệ An
12/2019 - 4/2021
Phó Chánh Văn phòng Trung ương Đảng
4/2021 - nay
Chủ nhiệm Ủy ban Văn hóa Giáo dục của Quốc hội","Phó giáo sư, Tiến sĩ Hóa học",https://s1.vnecdn.net/vnexpress/j/v157/event/longform/thoisu/nhansulanhdaonhanuoc/avatar/nguyen-dac-vinh.png,Ông
Hoàng Thanh Tùng,Chủ nhiệm Ủy ban Pháp luật,25/12/1966,"Xã Lăng Thành, huyện Yên Thành, tỉnh Nghệ An","Ngày sinh: 25/12/1966
Quê quán: Xã Lăng Thành, huyện Yên Thành, tỉnh Nghệ An
Ủy viên Trung ương Đảng khóa XIII","Trước 5/2011
Công tác tại Vụ Pháp luật hành chính, hình sự Bộ Tư pháp, Cục phó Cục Kiểm tra văn bản quy phạm pháp luật - thiết chế, Thư ký Bộ trưởng Bộ Tư pháp…
5/2011 - 5/2016
Ủy viên Thường trực Ủy ban Pháp luật của Quốc hội
5/2016 - 11/2019
Phó Chủ nhiệm Ủy ban Pháp luật của Quốc hội, Phó Tổng Thư ký Quốc hội
11/2019 - nay
Chủ nhiệm Ủy ban Pháp luật của Quốc hội",Thạc sĩ Luật học,https://s1.vnecdn.net/vnexpress/j/v157/event/longform/thoisu/nhansulanhdaonhanuoc/avatar/hoang-thanh-tung.png,Ông
Vũ Hồng Thanh,Chủ nhiệm Ủy ban Kinh tế,19/4/1962,"Xã Minh Tân, huyện Nam Sách, tỉnh Hải Dương","Ngày sinh: 19/4/1962
Quê quán: Xã Minh Tân, huyện Nam Sách, tỉnh Hải Dương
Ủy viên Trung ương Đảng khóa XII, XIII","Trước 10/2015
Phó trưởng Ban Quản lý các Khu công nghiệp và Đầu tư nước ngoài; Giám đốc Sở Ngoại vụ; Chánh Văn phòng UBND tỉnh; Giám đốc Sở Kế hoạch và Đầu tư; Bí thư Thành ủy Hạ Long, tỉnh Quảng Ninh
10/2015 - 7/2016
Phó Bí thư Tỉnh ủy Quảng Ninh
7/2016 - nay
Chủ nhiệm Ủy ban Kinh tế của Quốc hội",Kỹ sư Cơ khí,https://s1.vnecdn.net/vnexpress/j/v157/event/longform/thoisu/nhansulanhdaonhanuoc/avatar/vu-hong-thanh.png,Ông
Nguyễn Thị Thanh,Trưởng Ban công tác Đại biểu,10/2/1967,"Xã Yên Nhân, huyện Yên Mô, tỉnh Ninh Bình","Ngày sinh: 10/2/1967
Quê quán: Xã Yên Nhân, huyện Yên Mô, tỉnh Ninh Bình
Ủy viên Trung ương Đảng khóa XI (dự khuyết), XII, XIII","Trước 11/2010
Trưởng ban Dân vận Tỉnh ủy kiêm Trưởng ban Văn hóa - Xã hội thuộc HĐND tỉnh Ninh Bình
11/2010 - 8/2013
Bí thư Huyện ủy Yên Khánh, Ninh Bình
8/2013 - 3/2020
Bí thư Tỉnh ủy Ninh Bình
3/2020 - nay
Phó trưởng Ban Tổ chức Trung ương
4/2020 - 4/2021
Phó trưởng Ban Công tác đại biểu thuộc Ủy ban Thường vụ Quốc hội
4/2021 - nay
Trưởng Ban Công tác đại biểu (thuộc Ủy ban Thường vụ Quốc hội)","Thạc sĩ Quản trị kinh doanh, Đại học Thanh vận, Cử nhân Luật",https://s1.vnecdn.net/vnexpress/j/v157/event/longform/thoisu/nhansulanhdaonhanuoc/avatar/nguyen-thi-thanh.png,Bà
Y Thanh Hà Niê KĐăm,Chủ tịch Hội đồng Dân tộc,23/12/1973,"Thị trấn Ea Pốk, huyện Cư M'gar, tỉnh Đắk Lắk","Ngày sinh: 23/12/1973
Quê quán: Thị trấn Ea Pốk, huyện Cư M'gar, tỉnh Đắk Lắk
Ủy viên Trung ương Đảng khóa XII (dự khuyết), XIII","Trước 12/2004
Công tác tại Hải quan Đắk Lắk
1/2005 - 12/2008
Phó Trưởng phòng Tổ chức Cán bộ, Ban Tổ chức Tỉnh ủy Đắk Lắk
12/2008 - 7/2011
Phó Trưởng phòng Cơ sở Đảng và Đảng viên, Ban Tổ chức Tỉnh ủy Đắk Lắk
7/2011 - 12/2013
Phó Bí thư Thành ủy Buôn Ma Thuột
1/2014 - 5/2015
Bí thư Huyện ủy Cư M’gar
5/2015 - 10/2015
Bí thư Thành ủy Buôn Ma Thuột
10/2015 - 2/2019
Bí thư Thành ủy Buôn Ma Thuột
2/2019 - 7/2021
Bí thư Đảng ủy Khối Doanh nghiệp Trung ương
7/2021
Chủ tịch Hội đồng Dân tộc của Quốc hội","Thạc sĩ Quản lý công, Cử nhân Kinh tế đối ngoại, Cử nhân Chính trị chuyên ngành Công tác tổ chức",https://s1.vnecdn.net/vnexpress/j/v157/event/longform/thoisu/nhansulanhdaonhanuoc/avatar/y-thanh-ha-nie-kdam.png,Ông
Nguyễn Hòa Bình,Chánh án TANDTC,24/5/1958,"Xã Hành Đức, huyện Nghĩa Hành, tỉnh Quảng Ngãi","Ngày sinh: 24/5/1958
Quê quán: Xã Hành Đức, huyện Nghĩa Hành, tỉnh Quảng Ngãi
Ủy viên Bộ Chính trị khóa XIII; Bí thư Trung ương Đảng khóa XII, XIII; Ủy viên Trung ương Đảng khóa XI, XII, XIII","1980 - 1987
Công an tại Quảng Nam Đà Nẵng
1987 - 1991
Nghiên cứu sinh Học viện Bộ Nội vụ Liên Xô
1992 - 1999
Phó rồi Trưởng phòng đấu tranh án công nghiệp, Cục Cảnh sát Kinh tế Bộ Công An (C15)
1999 - 2001
Phó Cục trưởng C15, Tổng cục Cảnh sát, Bộ Công An
2002 - 2004
Cục trưởng C15, Phó thủ trưởng Cơ quan cảnh sát điều tra Bộ Công an
2005 - 2008
Phó Tổng cục trưởng Tổng cục Cảnh sát, Phó thủ trưởng Cơ quan cảnh sát điều tra Bộ Công an
2008 - 2010
Phó Bí thư Tỉnh ủy Quảng Ngãi
2010
Bí thư Tỉnh ủy Quảng Ngãi
7/2011
Viện trưởng Viện Kiểm sát nhân dân tối cao
4/2016 - nay
Chánh án Tòa án Nhân dân Tối cao","Phó giáo sư, Tiến sĩ Luật",https://s1.vnecdn.net/vnexpress/j/v157/event/longform/thoisu/nhansulanhdaonhanuoc/avatar/nguyen-hoa-binh.png,Ông
Lê Minh Trí,Viện trưởng Viện KSNDTC,1/11/1960,"Xã Tân Thông Hội, huyện Củ Chi, TP HCM","Ngày sinh: 1/11/1960
Quê quán: Xã Tân Thông Hội, huyện Củ Chi, TP HCM
Ủy viên Trung ương Đảng khóa XII, XIII","9/1978 - 9/1981
Cán bộ Công an TP HCM
10/1981 - 9/1986
Học viên Đại học An ninh nhân dân (Hà Nội)
10/1986 - 7/1990
Chi ủy viên, Phó Đội trưởng, Bí thư Chi bộ, Phó Trưởng phòng Tham mưu an ninh, Công an TP HCM
8/1990 - 3/1992
Phó Trưởng phòng A12b, Bộ Nội vụ, Thư ký Thứ trưởng Bộ Nội vụ (nay là Bộ Công an)
4/ 1992 - 2/2000
Cán bộ biệt phái cấp bậc Trung tá an ninh, Thư ký Chủ tịch UBND TP HCM
3/2000 - 12/2002
Phó Chánh Văn phòng HĐND và UBND TP HCM
1/2003 - 8/2005
Phó Bí thư Quận ủy, Chủ tịch UBND Quận 11, TP HCM
9/2005 - 12/2009
Phó Bí thư Quận ủy, Chủ tịch UBND Quận 1, TP HCM
12/2009 - 4/2013
Phó Chủ tịch UBND TP HCM
4 /2013 - 4/2016
Phó Trưởng Ban Nội chính Trung ương
4/2016 - nay
Viện trưởng Viện Kiểm sát nhân dân tối cao","Cử nhân An ninh, Cử nhân Luật",https://s1.vnecdn.net/vnexpress/j/v157/event/longform/thoisu/nhansulanhdaonhanuoc/avatar/le-minh-tri.png,Ông
Trần Sỹ Thanh,Tổng kiểm toán Nhà nước,16/3/1971,"Xã Thanh Giang, huyện Thanh Chương, tỉnh Nghệ An","Ngày sinh: 16/3/1971
Quê quán: Xã Thanh Giang, huyện Thanh Chương, tỉnh Nghệ An
Ủy viên Trung ương Đảng khóa XII","2004 - 2007
Chánh Văn phòng Kho bạc Nhà nước Việt Nam
2007 - 11/2008
Phó Tổng giám đốc Kho bạc Nhà nước Việt Nam
11/2008 - 10/2011
Phó Chủ tịch UBND tỉnh Đắk Lắk
1/2011 - 6/2012
Ủy viên Ủy ban Kiểm tra Trung ương
6/2012 - 2/2015
Bí thư Tỉnh ủy Bắc Giang
2/2015 - 10/2015
Phó chủ nhiệm Ủy ban Kiểm tra Trung ương
10/2015 - 12/2017
Bí thư Tỉnh ủy Lạng Sơn
12/2017 - 8/2020
Phó Ban Kinh tế Trung ương; Chủ tịch Hội đồng thành viên Tập đoàn dầu khí quốc gia Việt Nam
8/2020 - 4/2021
Phó Chủ nhiệm Văn phòng Quốc hội
4/2021
Tổng kiểm toán Nhà nước",Thạc sĩ Kinh tế,https://s1.vnecdn.net/vnexpress/j/v157/event/longform/thoisu/nhansulanhdaonhanuoc/avatar/tran-sy-thanh.png,Ông
